City_ID,City,Lat,Lng,Max Temp,Humidity,Cloudiness,Wind Speed,Country,Date
0,Ushuaia,-54.8,-68.3,38.82,87,40,1.14,AR,2021-07-24 16:51:56
1,Esperance,-33.8667,121.9,51.64,80,12,18.39,AU,2021-07-24 16:55:23
2,Albany,42.6001,-73.9662,81.81,53,7,1.01,US,2021-07-24 16:53:05
3,Port Elizabeth,-33.918,25.5701,59.29,72,0,11.5,ZA,2021-07-24 16:51:40
4,Avarua,-21.2078,-159.775,66.25,94,74,3.44,CK,2021-07-24 16:55:16
5,Tasiilaq,65.6145,-37.6368,37.9,98,100,1.88,GL,2021-07-24 16:55:51
6,Chuy,-33.6971,-53.4616,64.9,73,53,5.53,UY,2021-07-24 16:55:25
7,Pringsewu,-5.3582,104.9744,73.17,97,4,1.79,ID,2021-07-24 16:58:39
8,Punta Arenas,-53.15,-70.9167,41.02,81,75,17.27,CL,2021-07-24 16:53:05
9,Sri Aman,1.2376,111.4621,78.85,89,70,2.3,MY,2021-07-24 16:58:39
10,Kavaratti,10.5669,72.642,81.68,83,15,19.08,IN,2021-07-24 16:58:40
11,Hermanus,-34.4187,19.2345,54.81,60,64,0.4,ZA,2021-07-24 16:54:11
12,Sao Filipe,14.8961,-24.4956,74.52,73,83,7.74,CV,2021-07-24 16:55:32
13,Luwuk,-0.9516,122.7875,75.24,72,100,5.66,ID,2021-07-24 16:58:40
14,Boyolangu,-8.1181,111.8935,72.59,89,56,2.21,ID,2021-07-24 16:58:41
15,Port Alfred,-33.5906,26.891,58.39,71,0,22.12,ZA,2021-07-24 16:54:11
16,Salinopolis,-0.6136,-47.3561,84.42,65,95,11.88,BR,2021-07-24 16:58:41
17,Bredasdorp,-34.5322,20.0403,54.72,76,59,6.91,ZA,2021-07-24 16:54:57
18,Rikitea,-23.1203,-134.9692,68.77,55,0,2.33,PF,2021-07-24 16:55:14
19,Ponta Do Sol,32.6667,-17.1,83.71,68,0,5.68,PT,2021-07-24 16:56:01
20,Yellowknife,62.456,-114.3525,50.56,62,75,3.0,CA,2021-07-24 16:51:53
21,Santa Cruz Del Sur,20.7147,-77.9956,85.62,69,83,6.91,CU,2021-07-24 16:58:42
22,Yashkino,55.8736,85.4265,68.95,89,82,3.13,RU,2021-07-24 16:58:43
23,Jalingo,8.8833,11.3667,76.48,90,97,5.41,NG,2021-07-24 16:58:43
24,Ormara,25.2088,64.6357,82.63,84,95,11.52,PK,2021-07-24 16:58:44
25,Kavieng,-2.5744,150.7967,82.18,78,4,11.16,PG,2021-07-24 16:55:40
26,Kahului,20.8947,-156.47,77.85,92,45,11.99,US,2021-07-24 16:55:03
27,Mataura,-46.1927,168.8643,38.48,92,94,4.05,NZ,2021-07-24 16:55:11
28,Abu Dhabi,24.4667,54.3667,98.71,59,30,8.05,AE,2021-07-24 16:56:35
29,Busselton,-33.65,115.3333,56.08,75,97,15.7,AU,2021-07-24 16:51:21
30,Saint-Philippe,-21.3585,55.7679,71.15,80,67,6.26,RE,2021-07-24 16:51:35
31,Hobart,-42.8794,147.3294,46.26,78,99,5.01,AU,2021-07-24 16:55:07
32,Elbistan,38.2059,37.1983,76.77,33,1,13.58,TR,2021-07-24 16:58:46
33,Kungsbacka,57.4872,12.0761,80.51,62,53,2.71,SE,2021-07-24 16:58:46
34,Benguela,-12.5763,13.4055,71.46,78,10,6.22,AO,2021-07-24 16:58:47
35,Ericeira,38.9627,-9.4156,78.48,76,1,15.14,PT,2021-07-24 16:58:47
36,Kapaa,22.0752,-159.319,76.12,83,37,5.01,US,2021-07-24 16:55:08
37,Bluff,-46.6,168.3333,38.8,76,90,11.77,NZ,2021-07-24 16:55:21
38,Mar Del Plata,-38.0023,-57.5575,51.82,61,0,14.0,AR,2021-07-24 16:55:42
39,Norman Wells,65.282,-126.8329,57.24,62,75,12.66,CA,2021-07-24 16:58:48
40,Barrow,71.2906,-156.7887,39.22,100,90,0.0,US,2021-07-24 16:58:48
41,Comodoro Rivadavia,-45.8667,-67.5,51.66,43,0,4.61,AR,2021-07-24 16:58:48
42,Atuona,-9.8,-139.0333,77.85,70,99,16.28,PF,2021-07-24 16:52:39
43,New Norfolk,-42.7826,147.0587,45.91,83,100,1.01,AU,2021-07-24 16:55:17
44,Uvalde,29.3669,-99.767,88.18,65,75,11.5,US,2021-07-24 16:58:49
45,Llanes,43.4198,-4.7549,71.28,77,34,9.44,ES,2021-07-24 16:58:49
46,Megion,61.0296,76.1136,68.02,96,100,9.53,RU,2021-07-24 16:57:22
47,Faya,18.3851,42.4509,71.71,62,84,1.52,SA,2021-07-24 16:58:50
48,Castro,-24.7911,-50.0119,71.04,39,0,7.16,BR,2021-07-24 16:55:50
49,Lorengau,-2.0226,147.2712,79.81,82,12,7.05,PG,2021-07-24 16:58:51
50,Lasa,46.6166,10.7002,75.61,85,95,6.89,IT,2021-07-24 16:58:51
51,Upernavik,72.7868,-56.1549,39.11,90,99,6.85,GL,2021-07-24 16:54:58
52,Lere,10.387,8.5726,71.69,92,79,5.99,NG,2021-07-24 16:58:51
53,Nuuk,64.1835,-51.7216,40.87,80,89,8.99,GL,2021-07-24 16:51:01
54,Hobyo,5.3505,48.5268,78.49,72,85,29.17,SO,2021-07-24 16:58:52
55,Vardo,70.3705,31.1107,46.18,82,97,27.78,NO,2021-07-24 16:55:49
56,Carutapera,-1.195,-46.02,83.52,68,89,10.78,BR,2021-07-24 16:58:52
57,Booue,-0.0921,11.9385,84.92,49,83,3.18,GA,2021-07-24 16:58:53
58,Saint George,37.1041,-113.5841,91.54,44,93,1.99,US,2021-07-24 16:55:38
59,Santa Luzia,-19.7697,-43.8514,75.34,42,0,8.05,BR,2021-07-24 16:58:53
60,Biak,-0.9131,122.8766,74.68,74,100,7.65,ID,2021-07-24 16:58:54
61,Mahebourg,-20.4081,57.7,70.09,78,20,5.75,MU,2021-07-24 16:55:08
62,Vaini,-21.2,-175.2,69.96,100,40,2.3,TO,2021-07-24 16:51:34
63,Rocha,-34.4833,-54.3333,65.46,73,77,9.04,UY,2021-07-24 16:55:28
64,Hasaki,35.7333,140.8333,75.6,83,0,6.35,JP,2021-07-24 16:55:41
65,Mogocha,53.7333,119.7667,57.9,89,83,3.89,RU,2021-07-24 16:58:55
66,Omsukchan,62.5333,155.8,47.82,94,98,5.3,RU,2021-07-24 16:55:56
67,Hilo,19.7297,-155.09,74.8,94,90,5.75,US,2021-07-24 16:55:20
68,Alofi,-19.0595,-169.9187,73.29,100,71,4.61,NU,2021-07-24 16:55:51
69,Sirsilla,18.3833,78.8333,77.7,83,100,8.93,IN,2021-07-24 16:58:56
70,Hongjiang,27.11,109.9956,74.26,96,97,2.55,CN,2021-07-24 16:58:56
71,Okara,30.8081,73.4458,97.32,41,54,6.64,PK,2021-07-24 16:58:57
72,Sibolga,1.7427,98.7792,77.65,84,99,2.93,ID,2021-07-24 16:58:57
73,Phalombe,-15.8064,35.6507,57.79,73,59,7.2,MW,2021-07-24 16:56:53
74,Ahipara,-35.1667,173.1667,52.59,85,49,9.24,NZ,2021-07-24 16:50:22
75,Mackay,-21.15,149.2,64.04,77,0,6.91,AU,2021-07-24 16:58:58
76,Karratha,-20.7377,116.8463,70.92,56,11,7.11,AU,2021-07-24 16:58:58
77,Labrea,-7.2586,-64.7981,97.7,31,26,3.0,BR,2021-07-24 16:58:58
78,Saldanha,-33.0117,17.9442,62.65,64,9,7.81,ZA,2021-07-24 16:55:18
79,Muros,42.7762,-9.0603,74.68,72,33,5.66,ES,2021-07-24 16:58:59
80,Kantunilkin,21.0917,-87.45,88.95,43,60,4.14,MX,2021-07-24 16:58:59
81,Coolum Beach,-26.5333,153.1,56.34,77,0,5.97,AU,2021-07-24 16:59:00
82,Bethel,41.3712,-73.414,84.02,51,0,1.01,US,2021-07-24 16:55:21
83,Butaritari,3.0707,172.7902,83.35,73,6,16.15,KI,2021-07-24 16:54:58
84,Alvaraes,-3.2208,-64.8042,87.67,48,32,2.93,BR,2021-07-24 16:59:00
85,Torbay,47.6666,-52.7314,66.97,74,75,13.8,CA,2021-07-24 16:51:21
86,Puerto Ayora,-0.7393,-90.3518,78.76,85,34,8.01,EC,2021-07-24 16:55:06
87,Nikolskoye,59.7035,30.7861,67.89,52,27,3.51,RU,2021-07-24 16:55:42
88,Dikson,73.5069,80.5464,38.03,96,100,31.14,RU,2021-07-24 16:55:37
89,Bhanvad,21.9264,69.7736,80.98,86,83,11.07,IN,2021-07-24 16:59:01
90,Lardos,36.0942,28.0157,84.02,67,0,14.92,GR,2021-07-24 16:59:01
91,Cockburn Town,21.4612,-71.1419,84.16,70,40,16.11,TC,2021-07-24 16:56:48
92,Itarema,-2.9248,-39.9167,87.06,48,45,17.72,BR,2021-07-24 16:56:36
93,Isiro,2.7739,27.616,71.65,79,81,1.41,CD,2021-07-24 16:59:02
94,Constitucion,-35.3333,-72.4167,53.69,83,100,12.5,CL,2021-07-24 16:59:02
95,Asau,46.4333,26.4,76.12,58,65,1.68,RO,2021-07-24 16:55:10
96,Manali,13.1667,80.2667,87.89,66,96,11.86,IN,2021-07-24 16:59:03
97,Narsaq,60.9167,-46.05,44.76,96,100,6.02,GL,2021-07-24 16:51:44
98,Kodiak,57.79,-152.4072,51.01,97,100,7.43,US,2021-07-24 16:55:31
99,Bentiu,9.2333,29.8333,81.12,64,99,2.68,SS,2021-07-24 16:54:15
100,Bubaque,11.2833,-15.8333,79.41,73,97,5.37,GW,2021-07-24 16:59:04
101,Thompson,55.7435,-97.8558,64.56,72,90,12.66,CA,2021-07-24 16:55:28
102,Saint-Louis,16.3333,-15.0,100.04,27,19,7.72,SN,2021-07-24 16:55:55
103,Geraldton,-28.7667,114.6,54.01,94,90,8.05,AU,2021-07-24 16:55:13
104,Gizo,-8.103,156.8419,80.76,80,84,4.81,SB,2021-07-24 16:59:05
105,Acarau,-2.8856,-40.12,88.07,48,33,17.16,BR,2021-07-24 16:59:05
106,Kaitangata,-46.2817,169.8464,42.93,50,76,4.36,NZ,2021-07-24 16:55:39
107,Port Macquarie,-31.4333,152.9167,49.96,72,4,6.17,AU,2021-07-24 16:54:23
108,Shahrud,36.4182,54.9763,80.58,53,1,11.52,IR,2021-07-24 16:59:06
109,Bambous Virieux,-20.3428,57.7575,70.05,78,20,5.75,MU,2021-07-24 16:55:36
110,Jamestown,42.097,-79.2353,81.18,55,1,8.01,US,2021-07-24 16:53:06
111,Isoka,-10.1606,32.6335,59.79,73,100,8.9,ZM,2021-07-24 16:59:06
112,Tessalit,20.1986,1.0114,100.87,23,20,20.49,ML,2021-07-24 16:56:50
113,Chokurdakh,70.6333,147.9167,34.61,92,19,11.32,RU,2021-07-24 16:55:42
114,Otofuke,42.9917,143.2003,67.95,97,88,1.28,JP,2021-07-24 16:59:07
115,Egvekinot,66.3167,-179.1667,44.33,98,100,1.63,RU,2021-07-24 16:59:07
116,Doka,13.5167,35.7667,69.6,97,100,8.68,SD,2021-07-24 16:59:08
117,Zahir Pir,28.8124,70.524,102.47,30,47,4.59,PK,2021-07-24 16:59:08
118,Bambanglipuro,-7.95,110.2833,73.69,85,3,4.68,ID,2021-07-24 16:59:09
119,Cabo San Lucas,22.8909,-109.9124,95.61,66,2,8.01,MX,2021-07-24 16:55:48
120,Isilkul,54.9109,71.2728,75.69,45,100,1.99,RU,2021-07-24 16:59:09
121,Kefamenanu,-9.4467,124.4781,63.82,63,63,3.13,ID,2021-07-24 16:59:09
122,Novikovo,51.1537,37.8879,69.31,55,99,6.38,RU,2021-07-24 16:59:10
123,Atar,20.5169,-13.0499,106.12,14,75,8.52,MR,2021-07-24 16:51:27
124,Atagay,55.1033,99.3875,59.79,79,9,3.18,RU,2021-07-24 16:59:11
125,Tabou,4.423,-7.3528,78.13,68,97,7.52,CI,2021-07-24 16:59:11
126,Vila Velha,-20.3297,-40.2925,78.75,53,40,9.22,BR,2021-07-24 16:51:39
127,Mangan,27.5167,88.5333,78.66,89,93,1.74,IN,2021-07-24 16:59:12
128,Youghal,51.95,-7.8506,73.67,74,82,7.11,IE,2021-07-24 16:59:12
129,Pangnirtung,66.1451,-65.7125,50.0,66,90,4.61,CA,2021-07-24 16:59:13
130,Khomutovo,52.4658,104.4025,59.61,84,71,2.86,RU,2021-07-24 16:59:13
131,Codrington,-38.2667,141.9667,42.08,92,99,17.16,AU,2021-07-24 16:56:29
132,Frolovo,49.7713,43.6622,70.07,52,44,8.48,RU,2021-07-24 16:59:13
133,Hithadhoo,-0.6,73.0833,82.72,77,55,12.3,MV,2021-07-24 16:55:01
134,San Jeronimo,-11.9472,-75.2829,61.41,25,0,4.38,PE,2021-07-24 16:59:14
135,Marsh Harbour,26.5412,-77.0636,78.89,80,100,13.51,BS,2021-07-24 16:59:14
136,Phan Thiet,10.9333,108.1,77.54,83,80,10.22,VN,2021-07-24 16:59:15
137,Severo-Kurilsk,50.6789,156.125,53.91,96,76,2.44,RU,2021-07-24 16:55:22
138,Sisimiut,66.9395,-53.6735,38.59,93,97,6.24,GL,2021-07-24 16:55:26
139,Kamyaran,34.7956,46.9355,93.81,18,0,2.82,IR,2021-07-24 16:59:15
140,Cape Town,-33.9258,18.4232,58.26,40,0,5.75,ZA,2021-07-24 16:55:32
141,Cedar City,37.6775,-113.0619,81.39,37,82,4.61,US,2021-07-24 16:56:22
142,Tari,12.4086,4.4914,86.49,52,72,8.59,NG,2021-07-24 16:59:16
143,Sitka,57.0531,-135.33,55.83,87,98,2.86,US,2021-07-24 16:59:16
144,Beloha,-25.1667,45.05,63.36,54,77,11.07,MG,2021-07-24 16:59:17
145,Qaanaaq,77.484,-69.3632,40.95,66,79,1.83,GL,2021-07-24 16:55:43
146,Todos Santos,23.45,-110.2167,95.0,84,33,6.33,MX,2021-07-24 16:59:17
147,Cherskiy,68.75,161.3,41.04,81,77,2.53,RU,2021-07-24 16:55:32
148,Salalah,17.0151,54.0924,77.49,96,100,5.73,OM,2021-07-24 16:52:49
149,Batemans Bay,-35.7167,150.1833,47.98,71,62,6.76,AU,2021-07-24 16:59:18
150,Ribeira Grande,38.5167,-28.7,73.8,88,75,11.5,PT,2021-07-24 16:56:43
151,Soeng Sang,14.4264,102.4606,71.94,94,100,10.13,TH,2021-07-24 16:59:18
152,Qasigiannguit,68.8193,-51.1922,38.03,96,88,11.43,GL,2021-07-24 16:56:19
153,Isangel,-19.55,169.2667,74.93,86,7,2.71,VU,2021-07-24 16:55:02
154,Vila Franca Do Campo,37.7167,-25.4333,73.81,70,21,8.21,PT,2021-07-24 16:51:39
155,Namatanai,-3.6667,152.4333,78.31,82,38,4.16,PG,2021-07-24 16:56:24
156,Rio Gallegos,-51.6226,-69.2181,44.65,53,0,6.91,AR,2021-07-24 16:51:35
157,Tahta,26.7693,31.5021,100.51,15,0,12.01,EG,2021-07-24 16:59:19
158,Beringovskiy,63.05,179.3167,50.77,91,100,8.3,RU,2021-07-24 16:59:20
159,Carnarvon,-24.8667,113.6333,62.67,70,75,3.44,AU,2021-07-24 16:55:45
160,Leningradskiy,69.3833,178.4167,37.33,93,98,4.18,RU,2021-07-24 16:50:57
161,Sechura,-5.5569,-80.8222,73.83,60,14,7.23,PE,2021-07-24 16:59:20
162,Klaksvik,62.2266,-6.589,50.92,94,75,21.03,FO,2021-07-24 16:59:21
163,Los Llanos De Aridane,28.6585,-17.9182,74.12,81,20,16.11,ES,2021-07-24 16:52:05
164,Aklavik,68.2191,-135.0107,61.52,94,90,6.91,CA,2021-07-24 16:59:21
165,Iqaluit,63.7506,-68.5145,47.93,71,90,16.11,CA,2021-07-24 16:56:36
166,Kununurra,-15.7667,128.7333,62.58,72,100,1.14,AU,2021-07-24 16:56:15
167,Puerto Madryn,-42.7692,-65.0385,49.89,44,100,17.16,AR,2021-07-24 16:59:22
168,Morgantown,39.6295,-79.9559,85.19,59,38,3.4,US,2021-07-24 16:55:04
169,Manzanillo,20.3433,-77.1167,87.51,61,65,5.66,CU,2021-07-24 16:59:22
170,Airai,-8.9266,125.4092,56.32,41,26,3.04,TL,2021-07-24 16:59:22
171,Pevek,69.7008,170.3133,37.18,93,94,5.68,RU,2021-07-24 16:56:08
172,Pisco,-13.7,-76.2167,66.25,63,75,3.44,PE,2021-07-24 16:55:57
173,Tuktoyaktuk,69.4541,-133.0374,55.4,62,40,17.27,CA,2021-07-24 16:50:11
174,Pokhara,28.2333,83.9833,73.99,97,76,0.76,NP,2021-07-24 16:59:23
175,Tokur,53.1333,132.9,61.61,97,98,3.56,RU,2021-07-24 16:59:24
176,Vao,-22.6667,167.4833,70.77,85,22,6.13,NC,2021-07-24 16:56:22
177,Kalemie,-5.9475,29.1947,73.56,54,0,5.88,CD,2021-07-24 16:59:24
178,Lashma,54.9321,41.1438,61.23,61,89,4.47,RU,2021-07-24 16:59:25
179,Vestmannaeyjar,63.4427,-20.2734,52.79,87,75,14.97,IS,2021-07-24 16:59:25
180,Bengkulu,-3.8004,102.2655,76.69,86,19,5.26,ID,2021-07-24 16:56:27
181,Otradnoye,59.7775,30.8181,68.05,52,29,3.51,RU,2021-07-24 16:59:26
182,Linhares,-19.3911,-40.0722,79.72,40,7,10.2,BR,2021-07-24 16:59:26
183,Port Hedland,-20.3167,118.5667,62.65,63,7,6.91,AU,2021-07-24 16:59:26
184,Kruisfontein,-34.0033,24.7314,53.89,47,2,6.71,ZA,2021-07-24 16:55:01
185,Aki,33.5,133.9,73.49,88,100,4.0,JP,2021-07-24 16:59:27
186,Gigmoto,13.7796,124.39,81.39,82,75,13.67,PH,2021-07-24 16:59:27
187,East London,-33.0153,27.9116,58.14,72,0,11.5,ZA,2021-07-24 16:51:39
188,Hambantota,6.1241,81.1185,80.35,80,83,15.28,LK,2021-07-24 16:57:08
189,Stephenville,32.2207,-98.2023,89.94,61,1,8.05,US,2021-07-24 16:59:28
190,Siocon,7.7061,122.1353,79.16,85,90,4.14,PH,2021-07-24 16:59:28
191,Kurilsk,45.2333,147.8833,63.1,89,82,3.78,RU,2021-07-24 16:55:27
192,Korla,41.7597,86.1469,91.83,20,0,4.09,CN,2021-07-24 16:59:29
193,Dingle,10.9995,122.6711,77.67,86,98,10.87,PH,2021-07-24 16:59:29
194,Horki,54.2861,30.9842,67.17,61,54,3.94,BY,2021-07-24 16:59:30
195,Kishtwar,33.3167,75.7667,70.68,94,50,1.19,IN,2021-07-24 16:59:30
196,Saskylakh,71.9167,114.0833,56.57,59,95,7.0,RU,2021-07-24 16:55:05
197,Palu,-0.8917,119.8707,76.15,95,99,2.66,ID,2021-07-24 16:59:30
198,Poronaysk,49.2167,143.1167,64.63,98,85,4.7,RU,2021-07-24 16:59:31
199,Orasac,44.6289,16.0711,82.24,60,22,0.92,BA,2021-07-24 16:59:31
200,Douentza,14.9951,-2.9517,85.23,61,81,8.08,ML,2021-07-24 16:59:32
201,Filadelfia,39.9523,-75.1638,88.3,47,0,1.99,US,2021-07-24 16:56:33
202,Souillac,-20.5167,57.5167,70.18,78,20,5.75,MU,2021-07-24 16:56:10
203,Lichtenburg,-26.152,26.1597,42.15,40,0,8.61,ZA,2021-07-24 16:59:32
204,Coquimbo,-29.9533,-71.3436,55.13,87,75,8.05,CL,2021-07-24 16:53:27
205,Aquiraz,-3.9014,-38.3911,89.22,42,27,12.37,BR,2021-07-24 16:59:33
206,Victoria,22.2855,114.1577,86.38,88,89,1.01,HK,2021-07-24 16:54:50
207,Matehuala,23.65,-100.65,75.13,33,5,7.7,MX,2021-07-24 16:59:33
208,Georgetown,5.4112,100.3354,85.89,84,20,0.0,MY,2021-07-24 16:55:15
209,Cardenas,23.0375,-81.2047,86.72,59,84,6.8,CU,2021-07-24 16:59:33
210,Pimenta Bueno,-11.6725,-61.1936,98.53,21,59,3.67,BR,2021-07-24 16:58:07
211,Strezhevoy,60.7333,77.5889,67.98,96,49,7.34,RU,2021-07-24 16:59:34
212,Sakaraha,-22.9,44.5333,59.49,49,5,11.34,MG,2021-07-24 16:59:34
213,Mersing,2.4312,103.8405,80.51,89,81,5.75,MY,2021-07-24 16:59:35
214,Coahuayana,18.7333,-103.6833,87.01,67,90,2.91,MX,2021-07-24 16:59:35
215,Khatanga,71.9667,102.5,59.99,91,95,10.36,RU,2021-07-24 16:50:45
216,Laguna,38.421,-121.4238,95.65,52,0,3.0,US,2021-07-24 16:55:41
217,Udachnyy,66.4167,112.4,60.44,51,70,6.31,RU,2021-07-24 16:59:36
218,Ipora,-16.4419,-51.1178,87.39,22,0,6.46,BR,2021-07-24 16:57:30
219,Dingzhou,38.5131,114.9956,78.91,85,12,2.42,CN,2021-07-24 16:59:36
220,Yerbogachen,61.2767,108.0108,61.83,73,63,3.6,RU,2021-07-24 16:59:37
221,Gazojak,41.1875,61.4036,97.79,9,0,10.56,TM,2021-07-24 16:59:37
222,Saint Anthony,45.0205,-93.218,88.25,64,40,9.22,US,2021-07-24 16:59:37
223,Poum,-20.2333,164.0167,71.87,84,6,6.06,NC,2021-07-24 16:59:38
224,Tapiramuta,-11.8472,-40.7914,64.2,77,99,7.78,BR,2021-07-24 16:59:38
225,Fairbanks,64.8378,-147.7164,59.09,94,90,9.22,US,2021-07-24 16:55:12
226,Sambava,-14.2667,50.1667,70.25,74,20,14.83,MG,2021-07-24 16:59:39
227,Matara,5.9485,80.5353,77.34,91,83,7.52,LK,2021-07-24 16:53:19
228,Goma,-1.6792,29.2228,66.81,63,93,2.08,CD,2021-07-24 16:59:39
229,Tanggu,39.0211,117.6469,82.36,79,10,7.38,CN,2021-07-24 16:59:39
230,Burjuc,45.9522,22.4867,75.4,52,56,2.98,RO,2021-07-24 16:59:40
231,Canico,32.6333,-16.85,83.71,60,20,25.32,PT,2021-07-24 16:59:40
232,Srednekolymsk,67.45,153.6833,45.25,75,92,11.07,RU,2021-07-24 16:59:41
233,Aleksandrov Gay,50.147,48.5704,76.8,36,16,13.51,RU,2021-07-24 16:59:41
234,Mayo,38.8876,-76.5119,88.05,55,4,5.01,US,2021-07-24 16:59:41
235,Longyearbyen,78.2186,15.6401,46.24,76,75,6.91,SJ,2021-07-24 16:51:58
236,Lensk,60.7253,114.9278,66.76,70,79,3.2,RU,2021-07-24 16:59:42
237,Lumberton,34.6182,-79.0086,89.22,45,1,5.03,US,2021-07-24 16:56:08
238,Khasan,42.4308,130.6434,73.38,95,54,4.9,RU,2021-07-24 16:59:42
239,Nanortalik,60.1432,-45.2371,43.7,96,100,12.39,GL,2021-07-24 16:52:20
240,North Bend,43.4065,-124.2243,73.94,88,40,3.44,US,2021-07-24 16:59:43
241,Urubicha,-15.3833,-62.95,93.04,24,0,5.88,BO,2021-07-24 16:59:43
242,Lalmohan,22.3384,90.7419,82.99,85,78,17.43,BD,2021-07-24 16:59:43
243,San Patricio,28.017,-97.5169,91.49,45,0,14.23,US,2021-07-24 16:55:12
244,Skoghall,59.3232,13.4655,77.56,41,66,8.05,SE,2021-07-24 16:59:44
245,Itirapina,-22.2528,-47.8228,76.93,20,0,8.5,BR,2021-07-24 16:59:44
246,Saint-Pierre,-21.3393,55.4781,71.24,72,40,5.75,RE,2021-07-24 16:59:44
247,Manjacaze,-24.7117,33.8828,58.62,77,32,6.91,MZ,2021-07-24 16:59:45
248,Tuatapere,-46.1333,167.6833,38.82,83,100,7.54,NZ,2021-07-24 16:55:47
249,Lebu,-37.6167,-73.65,52.54,70,23,10.42,CL,2021-07-24 16:55:13
250,Ancud,-41.8697,-73.8203,46.22,70,100,4.94,CL,2021-07-24 16:56:53
251,Chapeco,-27.0964,-52.6183,77.16,31,0,5.88,BR,2021-07-24 16:59:46
252,Dunedin,-45.8742,170.5036,42.8,74,58,18.99,NZ,2021-07-24 16:56:57
253,Sungaipenuh,-2.0833,101.3833,65.46,96,76,2.48,ID,2021-07-24 16:59:46
254,Gisborne,-38.6533,178.0042,43.95,79,99,4.47,NZ,2021-07-24 16:57:03
255,Guhagar,17.4842,73.1929,78.39,89,100,9.06,IN,2021-07-24 16:59:46
256,Altay,47.8667,88.1167,68.14,47,0,6.71,CN,2021-07-24 16:59:47
257,Shache,38.4167,77.2406,86.58,24,1,6.02,CN,2021-07-24 16:59:47
258,Chimbote,-9.0853,-78.5783,68.04,71,66,7.76,PE,2021-07-24 16:59:47
259,Bairiki,1.3292,172.9752,82.4,78,20,4.61,KI,2021-07-24 16:55:38
260,Kaeo,-35.1,173.7833,54.32,89,41,10.02,NZ,2021-07-24 16:56:05
261,Markova,48.6758,24.4138,76.59,83,57,3.53,UA,2021-07-24 16:59:48
262,Chumikan,54.7183,135.315,54.66,100,100,3.89,RU,2021-07-24 16:59:48
263,Terrace Bay,48.7834,-87.1,63.1,97,100,8.88,CA,2021-07-24 16:59:48
264,Xapuri,-10.6517,-68.5044,90.25,26,0,3.38,BR,2021-07-24 16:59:49
265,Teguldet,57.3064,88.1667,66.92,73,80,5.35,RU,2021-07-24 16:59:49
266,Ilulissat,69.2167,-51.1,37.81,91,34,8.1,GL,2021-07-24 16:51:52
267,Russell,32.3502,-85.1999,89.31,73,0,4.72,US,2021-07-24 16:59:50
268,Vigrestad,58.5667,5.7,71.96,85,3,1.9,NO,2021-07-24 16:59:50
269,Hadejia,12.4498,10.0444,85.89,52,81,10.38,NG,2021-07-24 16:59:51
270,Krasnyy Yar,46.5331,48.3456,82.33,32,41,7.96,RU,2021-07-24 16:54:43
271,Kalabo,-14.97,22.6814,69.48,33,15,5.93,ZM,2021-07-24 16:59:51
272,Katsuura,35.1333,140.3,81.1,84,0,6.49,JP,2021-07-24 16:59:51
273,Jalu,29.0331,21.5482,92.17,18,0,12.3,LY,2021-07-24 16:59:52
274,Cayenne,4.9333,-52.3333,86.09,77,75,7.0,GF,2021-07-24 16:51:42
275,Nabire,-3.3667,135.4833,73.26,95,100,2.51,ID,2021-07-24 16:59:52
276,Camana,-16.6228,-72.7111,64.27,73,59,8.32,PE,2021-07-24 16:59:53
277,Bontang,0.1333,117.5,77.25,89,89,7.38,ID,2021-07-24 16:59:53
278,Dhidhdhoo,6.8833,73.1,81.68,79,99,11.5,MV,2021-07-24 16:59:35
279,Sao Joao Da Barra,-21.6403,-41.0511,77.09,58,22,11.88,BR,2021-07-24 16:52:28
280,Fort Nelson,58.8053,-122.7002,65.79,52,75,8.05,CA,2021-07-24 16:59:54
281,Karaton,-6.3424,106.1045,78.96,92,3,2.13,ID,2021-07-24 16:59:54
282,Tura,25.5198,90.2201,76.19,94,47,5.66,IN,2021-07-24 16:52:02
283,Bonthe,7.5264,-12.505,76.35,86,100,10.27,SL,2021-07-24 16:59:54
284,Maputo,-25.9653,32.5892,64.08,59,40,16.11,MZ,2021-07-24 16:55:36
285,Nyurba,63.2842,118.3319,57.36,78,12,5.39,RU,2021-07-24 16:59:55
286,Tayoltita,24.0833,-105.9333,82.47,52,43,4.27,MX,2021-07-24 16:59:56
287,Provideniya,64.3833,-173.3,46.74,98,100,11.63,RU,2021-07-24 16:55:27
288,Paamiut,61.994,-49.6678,42.21,97,100,4.52,GL,2021-07-24 16:59:56
289,Pathein,16.7833,94.7333,79.23,91,99,6.78,MM,2021-07-24 16:59:56
290,Asyut,27.181,31.1837,100.58,16,0,11.1,EG,2021-07-24 16:59:57
291,Ayan,56.45,138.1667,56.97,97,100,9.66,RU,2021-07-24 16:59:57
292,Ukiah,39.1502,-123.2078,94.03,12,0,2.73,US,2021-07-24 16:55:26
293,San Policarpo,12.1791,125.5072,81.43,75,30,10.69,PH,2021-07-24 16:59:58
294,Hervey Bay,-25.2986,152.8535,56.03,58,0,12.75,AU,2021-07-24 16:59:58
295,Alekseyevka,50.6309,38.6903,69.4,56,51,6.78,RU,2021-07-24 16:59:58
296,Muisne,0.6,-80.0333,77.65,74,100,11.18,EC,2021-07-24 16:59:59
297,Mehamn,71.0357,27.8492,44.89,87,100,25.75,NO,2021-07-24 16:56:07
298,Samarai,-10.6167,150.6667,79.16,86,86,10.11,PG,2021-07-24 16:59:59
299,Tiksi,71.6872,128.8694,39.61,91,98,6.13,RU,2021-07-24 16:56:03
300,Whitianga,-36.8333,175.7,54.01,82,77,14.29,NZ,2021-07-24 16:59:59
301,Touros,-5.1989,-35.4608,88.7,50,12,20.29,BR,2021-07-24 16:51:21
302,Tahe,52.3333,124.7333,61.18,96,99,1.79,CN,2021-07-24 17:00:00
303,Luanda,-8.8368,13.2343,75.2,73,20,9.22,AO,2021-07-24 16:57:26
304,Usinsk,65.9939,57.5281,49.6,82,100,7.18,RU,2021-07-24 17:00:01
305,Talnakh,69.4865,88.3972,55.62,67,78,5.61,RU,2021-07-24 16:55:56
306,Belmonte,-15.8631,-38.8828,77.5,57,97,11.97,BR,2021-07-24 17:00:01
307,Martapura,-3.4167,114.85,75.29,88,20,3.44,ID,2021-07-24 16:57:56
308,Nogent-Le-Rotrou,48.3333,1.0,71.65,85,95,10.94,FR,2021-07-24 17:00:03
309,Tazovskiy,67.4667,78.7,51.53,83,100,5.59,RU,2021-07-24 17:00:04
310,Auki,-8.7676,160.7034,76.96,86,71,4.41,SB,2021-07-24 17:00:05
311,Fengrun,39.8333,118.1167,77.4,78,66,3.4,CN,2021-07-24 17:00:05
312,Magistralnyy,56.1725,107.4458,59.95,70,84,4.23,RU,2021-07-24 17:00:06
313,Methoni,36.8197,21.7049,85.86,66,1,9.93,GR,2021-07-24 17:00:07
314,Fortuna,40.5982,-124.1573,58.98,92,20,0.0,US,2021-07-24 16:55:54
315,Ndioum,16.5129,-14.6471,99.0,26,5,7.58,SN,2021-07-24 17:00:07
316,Luderitz,-26.6481,15.1594,64.58,33,5,6.42,NA,2021-07-24 16:52:23
317,Honiara,-9.4333,159.95,76.48,86,92,4.29,SB,2021-07-24 17:00:08
318,Palmer,42.1584,-72.3287,82.67,45,0,1.01,US,2021-07-24 17:00:09
319,Nouakchott,18.0858,-15.9785,82.33,71,23,12.12,MR,2021-07-24 16:58:27
320,Yenagoa,4.9247,6.2642,79.97,65,70,7.83,NG,2021-07-24 17:00:09
321,Tabora,-5.0167,32.8,72.82,29,21,4.05,TZ,2021-07-24 17:00:10
322,Kutahya,39.4242,29.9833,69.15,50,53,12.68,TR,2021-07-24 17:00:11
323,Nome,64.5011,-165.4064,43.16,97,66,5.01,US,2021-07-24 17:00:11
324,Arraial Do Cabo,-22.9661,-42.0278,76.96,57,0,20.71,BR,2021-07-24 16:55:22
325,Warrnambool,-38.3833,142.4833,38.8,82,100,23.15,AU,2021-07-24 17:00:12
326,Karwar,14.8,74.1333,78.24,88,96,12.37,IN,2021-07-24 17:00:12
327,Palmas Bellas,9.2319,-80.0867,81.01,87,100,7.76,PA,2021-07-24 17:00:13
328,Isla Mujeres,21.2311,-86.731,89.17,67,76,7.58,MX,2021-07-24 17:00:13
329,Wufeng,27.45,104.8333,60.82,92,71,3.33,CN,2021-07-24 17:00:14
330,Gamba,-2.65,10.0,72.93,75,31,8.97,GA,2021-07-24 17:00:14
331,Abu Samrah,35.3029,37.1841,86.67,40,2,14.7,SY,2021-07-24 17:00:15
332,Wawa,9.9022,4.4192,81.03,65,72,7.58,NG,2021-07-24 17:00:16
333,Jiazi,22.8779,116.067,82.76,83,21,13.18,CN,2021-07-24 17:00:17
334,Contamana,-7.3333,-75.0167,93.81,32,32,1.57,PE,2021-07-24 17:00:17
335,Vilyuysk,63.7553,121.6247,61.48,64,17,8.25,RU,2021-07-24 17:00:18
336,Shingu,33.7333,135.9833,76.91,90,44,4.52,JP,2021-07-24 17:00:19
337,Lerwick,60.1545,-1.1494,55.4,79,100,8.14,GB,2021-07-24 17:00:19
338,Yarmouth,41.7057,-70.2286,82.35,70,0,5.99,US,2021-07-24 17:00:20
339,Bud,39.447,-86.1758,86.18,72,9,7.2,US,2021-07-24 17:00:20
340,Kieta,-6.2167,155.6333,79.12,84,89,2.3,PG,2021-07-24 17:00:21
341,Porto Novo,6.4965,2.6036,82.22,67,67,11.25,BJ,2021-07-24 16:54:17
342,Vanimo,-2.6741,141.3028,75.2,94,99,3.89,PG,2021-07-24 17:00:21
343,Sur,22.5667,59.5289,92.35,56,83,11.21,OM,2021-07-24 17:00:22
344,Tara,56.8944,74.371,72.81,77,66,3.47,RU,2021-07-24 17:00:22
345,Taoudenni,22.6783,-3.9836,112.82,5,4,9.95,ML,2021-07-24 17:00:23
346,Powell River,49.8496,-124.5361,73.99,77,40,4.61,CA,2021-07-24 16:55:59
347,Morro Bay,35.3658,-120.8499,80.58,58,59,4.41,US,2021-07-24 17:00:23
348,Banda Aceh,5.5577,95.3222,81.19,77,99,10.42,ID,2021-07-24 17:00:23
349,Sol-Iletsk,51.1631,54.9918,76.39,35,56,7.58,RU,2021-07-24 17:00:24
350,Lulea,65.5842,22.1547,66.27,55,75,11.5,SE,2021-07-24 17:00:24
351,Tadine,-21.55,167.8833,70.39,90,20,5.84,NC,2021-07-24 17:00:25
352,Ostrovnoy,68.0531,39.5131,48.85,85,100,19.95,RU,2021-07-24 17:00:25
353,Caravelas,-17.7125,-39.2481,74.8,66,45,9.57,BR,2021-07-24 16:56:23
354,Burnie,-41.0667,145.9167,42.93,80,98,19.93,AU,2021-07-24 17:00:26
355,Totness,5.8833,-56.3167,88.65,56,64,6.4,SR,2021-07-24 17:00:26
356,Saryg-Sep,51.5,95.6,60.75,96,100,1.34,RU,2021-07-24 17:00:27
357,Palmas,-10.2128,-48.3603,93.22,23,15,7.36,BR,2021-07-24 17:00:27
358,Bucerias,20.75,-105.3333,84.97,79,100,1.74,MX,2021-07-24 17:00:28
359,Tateyama,34.9833,139.8667,81.01,82,0,7.11,JP,2021-07-24 16:55:25
360,Suba,10.8438,121.0102,83.8,80,100,19.37,PH,2021-07-24 17:00:28
361,Lompoc,34.6391,-120.4579,81.12,88,90,3.44,US,2021-07-24 16:55:51
362,Parkes,-33.1333,148.1833,43.36,88,96,19.73,AU,2021-07-24 17:00:29
363,La Peca,-5.6111,-78.435,82.76,44,35,3.11,PE,2021-07-24 17:00:30
364,Tucupita,9.0622,-62.051,84.85,76,52,5.86,VE,2021-07-24 17:00:30
365,Jibuti,11.5,42.5,83.62,55,70,8.86,DJ,2021-07-24 16:53:24
366,Lipin Bor,60.2622,37.9763,59.81,50,97,0.76,RU,2021-07-24 17:00:31
367,Virginia Beach,36.8529,-75.978,86.02,47,9,1.01,US,2021-07-24 17:00:31
368,Santa Isabel Do Rio Negro,-0.4139,-65.0192,87.67,61,96,0.72,BR,2021-07-24 17:00:32
369,Hakodate,41.7758,140.7367,71.22,94,30,5.59,JP,2021-07-24 17:00:32
370,Sabang,5.8933,95.3214,83.71,75,99,15.03,ID,2021-07-24 17:00:32
371,Loandjili,-4.7561,11.8578,73.36,79,3,12.48,CG,2021-07-24 17:00:33
372,Gornopravdinsk,60.05,69.9,54.73,97,100,1.59,RU,2021-07-24 17:00:34
373,Kasangulu,-4.5911,15.1708,85.73,27,1,3.58,CD,2021-07-24 17:00:34
374,Zhob,31.3411,69.4481,89.11,31,33,3.62,PK,2021-07-24 17:00:34
375,Athabasca,54.7169,-113.2854,66.61,31,4,18.37,CA,2021-07-24 16:58:46
376,Gondar,12.6,37.4667,58.01,98,100,4.56,ET,2021-07-24 17:00:35
377,Upington,-28.4478,21.2561,53.2,21,3,9.08,ZA,2021-07-24 17:00:36
378,Sembe,1.6481,14.5806,78.3,69,99,3.96,CG,2021-07-24 17:00:36
379,Nisia Floresta,-6.0911,-35.2086,85.59,43,2,17.45,BR,2021-07-24 17:00:36
380,Portland,45.5234,-122.6762,77.5,66,0,3.0,US,2021-07-24 16:54:02
381,Carballo,43.213,-8.691,73.58,78,48,8.12,ES,2021-07-24 17:00:37
382,Naifaru,5.4444,73.3657,82.0,74,85,3.98,MV,2021-07-24 16:58:42
383,Lilongwe,-13.9669,33.7873,59.86,69,97,10.33,MW,2021-07-24 17:00:38
384,Saint-Joseph,-21.3667,55.6167,70.16,81,57,8.03,RE,2021-07-24 16:56:46
385,Bardiyah,31.7561,25.0865,80.49,56,0,20.56,LY,2021-07-24 17:00:38
386,Port Hardy,50.6996,-127.4199,59.18,100,90,3.44,CA,2021-07-24 16:55:02
387,Adrar,20.5022,-10.0711,106.92,14,32,4.92,MR,2021-07-24 17:00:39
388,Nkhotakota,-12.9274,34.2961,69.73,59,11,17.54,MW,2021-07-24 17:00:39
389,Ferrenafe,-6.6389,-79.7889,74.5,57,29,9.69,PE,2021-07-24 17:00:40
390,Zabol,32.25,67.25,82.53,16,7,7.9,AF,2021-07-24 17:00:40
391,Hamilton,39.1834,-84.5333,86.76,63,6,3.0,US,2021-07-24 17:00:05
392,Belaya Gora,68.5333,146.4167,47.21,67,52,13.51,RU,2021-07-24 17:00:40
393,Shimanovsk,52.0,127.7,66.6,96,93,3.74,RU,2021-07-24 17:00:41
394,Villeneuve-Sur-Lot,44.5,0.6667,77.83,63,77,11.95,FR,2021-07-24 17:00:41
395,Kawalu,-7.3817,108.2082,71.65,92,76,1.5,ID,2021-07-24 16:56:36
396,Iralaya,15.0,-83.2333,84.52,68,100,11.95,HN,2021-07-24 17:00:42
397,Mae Hong Son,19.3003,97.9685,75.43,95,99,2.13,TH,2021-07-24 17:00:42
398,Crateus,-5.1783,-40.6775,92.98,25,47,9.8,BR,2021-07-24 17:00:22
399,Billings,45.7833,-108.5007,85.37,12,0,5.23,US,2021-07-24 16:58:25
400,Yima,34.7381,111.8839,73.51,87,3,3.49,CN,2021-07-24 17:00:43
401,Murmashi,68.8154,32.8115,52.21,87,20,4.47,RU,2021-07-24 17:00:43
402,Yulara,-25.2406,130.9889,50.81,56,69,8.1,AU,2021-07-24 17:00:44
403,Ilheus,-14.7889,-39.0494,80.42,61,40,24.16,BR,2021-07-24 16:58:55
404,Cacapava Do Sul,-30.5122,-53.4914,72.5,49,0,5.66,BR,2021-07-24 17:00:44
405,Jumla,29.2747,82.1838,65.61,95,100,2.91,NP,2021-07-24 17:00:44
406,Sinnamary,5.3833,-52.95,83.64,72,71,12.55,GF,2021-07-24 17:00:45
407,Kilifi,-3.6305,39.8499,75.16,78,4,22.62,KE,2021-07-24 17:00:45
408,Pangody,65.85,74.4859,56.66,88,100,5.73,RU,2021-07-24 17:00:46
409,Labuhan,-6.8844,112.2051,74.59,83,0,7.36,ID,2021-07-24 17:00:46
410,Straumen,63.8709,11.2999,71.6,62,94,1.7,NO,2021-07-24 17:00:47
411,Olovyannaya,50.95,115.5667,55.56,88,78,4.76,RU,2021-07-24 17:00:47
412,Naze,28.3667,129.4833,77.4,92,100,21.72,JP,2021-07-24 17:00:48
413,Williams Lake,52.1415,-122.1445,59.22,58,52,1.05,CA,2021-07-24 17:00:15
414,Kropotkin,45.4375,40.5756,78.37,44,68,5.61,RU,2021-07-24 17:00:48
415,Araouane,18.9048,-3.5265,106.41,17,20,10.74,ML,2021-07-24 17:00:49
416,San Rafael,-34.6177,-68.3301,53.37,43,5,2.01,AR,2021-07-24 16:50:38
417,College,64.8569,-147.8028,58.95,94,90,4.61,US,2021-07-24 16:57:08
418,Olafsvik,64.8945,-23.7142,50.61,92,100,10.29,IS,2021-07-24 17:00:49
419,Mabaruma,8.2,-59.7833,83.77,68,100,4.29,GY,2021-07-24 17:00:50
420,Zemio,5.0314,25.1361,73.11,84,90,1.36,CF,2021-07-24 17:00:50
421,Cidreira,-30.1811,-50.2056,70.12,51,0,5.7,BR,2021-07-24 16:56:09
422,Port-Gentil,-0.7193,8.7815,75.49,75,31,14.79,GA,2021-07-24 17:00:51
423,Dauriya,49.9333,116.8667,56.68,93,2,8.9,RU,2021-07-24 17:00:51
424,Yoichi,43.2039,140.7703,72.77,91,36,3.38,JP,2021-07-24 17:00:52
425,Teya,60.3778,92.6267,64.71,64,81,2.86,RU,2021-07-24 17:00:52
426,Waipawa,-41.4122,175.5153,44.92,90,0,6.31,NZ,2021-07-24 16:51:19
427,Sabaudia,41.3003,13.0282,93.69,67,6,1.99,IT,2021-07-24 17:00:53
428,Sombrerete,23.6333,-103.65,67.89,53,78,2.06,MX,2021-07-24 17:00:53
429,Clyde River,70.4692,-68.5914,35.83,93,90,13.8,CA,2021-07-24 16:53:44
430,Daru,-9.0763,143.2092,78.03,86,97,13.22,PG,2021-07-24 16:55:52
431,Srandakan,-7.9386,110.2506,73.99,85,3,4.74,ID,2021-07-24 17:00:56
432,Kushiro,42.975,144.3747,64.69,99,86,4.03,JP,2021-07-24 17:00:56
433,Ust-Kut,56.7938,105.7672,61.52,68,100,3.09,RU,2021-07-24 17:00:56
434,Toppenish,46.3774,-120.3087,85.57,25,0,1.66,US,2021-07-24 17:00:57
435,Tayu,-6.5397,111.0518,76.51,83,3,6.91,ID,2021-07-24 17:00:57
436,Werda,-25.2667,23.2833,52.83,31,0,9.75,BW,2021-07-24 17:00:58
437,Starozhilovo,54.2254,39.916,62.04,61,51,3.4,RU,2021-07-24 17:00:58
438,Lata,40.1629,-8.3327,80.04,48,3,11.3,PT,2021-07-24 16:55:58
439,Talcahuano,-36.7167,-73.1167,51.98,76,75,9.4,CL,2021-07-24 17:00:59
440,Hilton Head Island,32.2163,-80.7526,87.98,68,20,9.22,US,2021-07-24 16:57:23
441,Kiama,-34.6833,150.8667,55.58,59,56,8.01,AU,2021-07-24 17:00:59
442,Gweta,-20.1833,25.2333,62.74,39,0,17.47,BW,2021-07-24 17:01:00
443,Mathathane,-22.2687,28.7495,54.82,40,1,10.76,BW,2021-07-24 17:01:00
444,Maryborough,-25.5333,152.7,52.7,63,0,4.72,AU,2021-07-24 17:01:01
445,Kyzyl-Suu,42.3414,78.0056,68.09,32,0,6.58,KG,2021-07-24 17:01:01
446,Raton,36.9034,-104.4391,82.06,41,75,8.05,US,2021-07-24 17:01:02
447,Camacha,33.0833,-16.3333,75.96,64,20,14.97,PT,2021-07-24 17:01:02
448,Saint-Augustin,51.226,-58.6502,58.82,65,87,8.08,CA,2021-07-24 17:01:03
449,Lagoa,39.05,-27.9833,71.08,95,13,14.9,PT,2021-07-24 17:01:03
450,Arlit,18.7369,7.3853,102.31,21,13,6.6,NE,2021-07-24 17:01:04
451,Nhulunbuy,-12.2333,136.7667,68.61,88,6,0.0,AU,2021-07-24 17:01:04
452,Goba,7.0167,39.9833,50.0,94,98,5.01,ET,2021-07-24 17:01:04
453,Junction City,39.0286,-96.8314,93.61,62,6,4.0,US,2021-07-24 16:56:32
454,Juneau,58.3019,-134.4197,55.85,96,90,9.22,US,2021-07-24 17:00:15
455,Abu Kamal,34.4506,40.9171,99.05,23,0,8.05,SY,2021-07-24 17:01:05
456,Bathsheba,13.2167,-59.5167,86.61,74,75,14.97,BB,2021-07-24 16:52:09
457,Pallasovka,50.05,46.8833,72.84,42,23,8.9,RU,2021-07-24 17:01:05
458,Moranbah,-22.0016,148.0466,54.19,53,9,7.11,AU,2021-07-24 17:01:06
459,Mahendranagar,28.9167,80.3333,82.65,82,88,4.79,NP,2021-07-24 17:01:06
460,Namibe,-15.1961,12.1522,68.31,74,0,7.43,AO,2021-07-24 17:01:06
461,Itapora,-22.0799,-54.7874,90.12,22,0,9.82,BR,2021-07-24 17:01:07
462,Caucaia,-3.7361,-38.6531,89.08,57,0,10.36,BR,2021-07-24 16:58:36
463,Bend,44.0582,-121.3153,76.19,35,1,1.99,US,2021-07-24 16:57:55
464,Hami,42.8,93.45,90.34,32,25,11.3,CN,2021-07-24 17:01:07
465,Quesnel,52.9999,-122.5029,68.94,47,86,0.63,CA,2021-07-24 17:01:08
466,Saurimo,-9.6608,20.3916,73.85,26,1,3.27,AO,2021-07-24 17:01:08
467,Aksu,41.1231,80.2644,87.13,30,0,5.66,CN,2021-07-24 17:01:09
468,Bay-Khaak,51.1667,94.5,63.93,83,79,0.31,RU,2021-07-24 17:01:09
469,Launceston,-41.45,147.1667,44.8,91,90,1.99,AU,2021-07-24 16:55:58
470,Floro,61.5996,5.0328,74.23,94,90,2.3,NO,2021-07-24 17:01:09
471,Saskatoon,52.1168,-106.6345,77.95,39,20,8.99,CA,2021-07-24 16:58:19
472,Moron,-34.6534,-58.6198,62.01,80,100,8.99,AR,2021-07-24 17:01:10
473,Bataipora,-22.2953,-53.2711,87.33,22,0,8.19,BR,2021-07-24 17:01:10
474,Ternate,0.8,127.4,81.05,77,100,4.43,ID,2021-07-24 17:01:11
475,Bolgatanga,10.7856,-0.8514,87.1,49,100,5.61,GH,2021-07-24 17:01:11
476,Acapulco,16.8634,-99.8901,84.02,79,75,9.22,MX,2021-07-24 16:55:35
477,Hovd,48.0056,91.6419,68.43,48,71,0.45,MN,2021-07-24 16:55:18
478,Chulman,56.8479,124.9104,56.32,98,100,2.93,RU,2021-07-24 17:01:12
479,Mahajanga,-15.7167,46.3167,73.42,78,20,6.91,MG,2021-07-24 17:01:12
480,Riyadh,24.6877,46.7219,105.94,12,3,13.04,SA,2021-07-24 16:54:22
481,Maragogi,-9.0122,-35.2225,78.66,64,13,12.68,BR,2021-07-24 17:01:13
482,Salinas,36.6777,-121.6555,72.03,77,90,0.0,US,2021-07-24 17:01:13
483,Red Bluff,40.1785,-122.2358,91.26,28,1,0.0,US,2021-07-24 17:00:52
484,Dyersburg,36.0345,-89.3856,91.38,64,3,5.03,US,2021-07-24 17:01:13
485,Islamkot,24.6997,70.177,86.13,68,51,17.45,PK,2021-07-24 17:01:14
486,Barcelos,41.5388,-8.6151,76.28,66,25,10.98,PT,2021-07-24 17:00:00
487,Port Blair,11.6667,92.75,82.36,84,100,21.27,IN,2021-07-24 17:01:14
488,Richards Bay,-28.783,32.0377,57.15,75,22,6.33,ZA,2021-07-24 17:01:15
489,Popondetta,-8.7537,148.2534,72.63,94,100,2.98,PG,2021-07-24 17:01:15
490,Littleton,39.6133,-105.0166,83.64,54,100,1.99,US,2021-07-24 17:01:15
491,Aitape,-3.1374,142.3475,75.52,92,99,3.33,PG,2021-07-24 17:01:16
492,Mount Isa,-20.7333,139.5,47.97,53,64,0.0,AU,2021-07-24 17:01:16
493,Koumac,-20.5667,164.2833,68.5,86,1,3.65,NC,2021-07-24 17:01:17
494,Pereslavl-Zalesskiy,56.7393,38.8563,58.69,62,100,2.71,RU,2021-07-24 17:01:17
495,Skjervoy,70.0311,20.9714,48.7,98,100,10.47,NO,2021-07-24 17:01:17
496,Sukhumi,43.0033,41.0153,72.64,84,34,1.48,GE,2021-07-24 17:01:18
497,Asmar,35.0333,71.3581,85.82,56,1,1.63,AF,2021-07-24 17:01:18
498,Faanui,-16.4833,-151.75,77.94,67,13,13.4,PF,2021-07-24 16:55:23
499,Kloulklubed,7.0419,134.2556,83.79,79,100,12.39,PW,2021-07-24 17:01:19
500,La Primavera,5.4906,-70.4092,84.83,62,100,9.15,CO,2021-07-24 17:01:19
501,Greifswald,54.1,13.3833,75.43,68,39,17.2,DE,2021-07-24 17:01:20
502,Orthez,43.4884,-0.7724,77.61,50,76,9.8,FR,2021-07-24 17:01:21
503,Jatai,-17.8814,-51.7144,85.32,24,0,7.78,BR,2021-07-24 16:59:04
504,Fare,-16.7,-151.0167,77.14,71,4,11.81,PF,2021-07-24 17:01:21
505,Ivanovka,42.8878,75.085,77.43,21,0,3.71,KG,2021-07-24 17:01:21
506,Burgos,42.3394,-3.7079,75.61,31,20,11.5,ES,2021-07-24 16:56:38
507,Sukumo,32.9333,132.7333,73.89,95,100,5.77,JP,2021-07-24 17:01:22
508,Wonthaggi,-38.6044,145.5913,44.94,83,100,24.16,AU,2021-07-24 17:00:48
509,West Des Moines,41.572,-93.7453,88.59,73,20,5.01,US,2021-07-24 17:01:22
510,Borogontsy,62.6683,131.1683,56.88,98,98,4.65,RU,2021-07-24 17:01:22
511,Wenzhou,27.9994,120.6668,78.82,79,100,16.91,CN,2021-07-24 16:59:40
512,Pochutla,15.7432,-96.4661,91.81,50,100,3.56,MX,2021-07-24 17:01:23
513,Bara,10.3744,10.7288,79.92,76,56,5.5,NG,2021-07-24 17:01:23
514,San Cristobal,7.7669,-72.225,80.78,48,100,6.67,VE,2021-07-24 16:59:16
515,Husavik,66.0449,-17.3389,58.91,70,97,15.61,IS,2021-07-24 16:55:17
516,Maniitsoq,65.4167,-52.9,40.35,77,43,7.87,GL,2021-07-24 16:55:06
517,Odweyne,9.4092,45.064,73.35,51,100,21.54,SO,2021-07-24 17:01:24
518,Bambari,5.768,20.6757,74.14,92,77,2.26,CF,2021-07-24 17:01:24
519,Pauini,-7.7136,-66.9764,96.51,27,8,3.36,BR,2021-07-24 17:01:25
520,Kisangani,0.5167,25.2,78.84,61,100,3.11,CD,2021-07-24 16:55:18
521,Visby,57.6409,18.296,72.05,52,7,8.05,SE,2021-07-24 17:01:25
522,Yenangyaung,20.4667,94.8833,81.3,72,53,10.71,MM,2021-07-24 17:01:26
523,Maceio,-9.6658,-35.7353,81.84,61,40,14.97,BR,2021-07-24 16:56:06
524,Leshukonskoye,64.8989,45.7622,45.63,95,100,6.93,RU,2021-07-24 17:01:27
525,Makasar,-5.14,119.4221,69.85,94,90,2.3,ID,2021-07-24 17:01:10
526,Kudahuvadhoo,2.6708,72.8944,82.33,77,75,6.53,MV,2021-07-24 16:55:48
527,Naziya,59.8,31.3833,67.57,1,35,2.37,RU,2021-07-24 17:01:27
528,Palm Beach,26.6503,-80.4498,92.01,61,28,6.67,US,2021-07-24 17:01:28
529,Mecca,21.4267,39.8261,90.21,30,22,11.12,SA,2021-07-24 16:57:28
530,Lebork,54.5392,17.7501,69.35,58,90,8.81,PL,2021-07-24 17:01:28
531,Puerto Colombia,10.9878,-74.9547,84.13,75,100,3.02,CO,2021-07-24 17:01:29
532,Sarakhs,36.5449,61.1577,96.04,10,0,8.61,IR,2021-07-24 17:01:29
533,Tautira,-17.7333,-149.15,69.82,71,0,8.97,PF,2021-07-24 17:01:29
534,Galveston,29.3669,-94.9669,94.19,71,4,3.0,US,2021-07-24 16:55:41
535,Acaponeta,22.4964,-105.3594,85.26,63,98,2.77,MX,2021-07-24 17:01:30
536,Ozernovskiy,51.5,156.5167,53.2,99,86,1.72,RU,2021-07-24 17:01:30
537,Amapa,1.0,-52.0,89.26,46,37,5.93,BR,2021-07-24 17:01:31
538,Carmen,18.6333,-91.8333,83.41,71,20,6.42,MX,2021-07-24 17:01:31
539,Boden,65.8252,21.6886,66.2,48,27,6.11,SE,2021-07-24 17:01:32
540,Cap Malheureux,-19.9842,57.6142,67.46,74,53,3.0,MU,2021-07-24 17:01:32
541,Kintampo,8.0563,-1.7306,80.37,64,96,6.53,GH,2021-07-24 17:01:32
542,Fort Wellington,6.4,-57.6,87.12,60,18,9.53,GY,2021-07-24 17:01:33
543,Nacala,-14.5428,40.6728,69.64,66,18,15.14,MZ,2021-07-24 17:01:33
544,Kaabong,3.4836,34.1492,64.92,82,100,5.03,UG,2021-07-24 17:01:34
545,Puerto Narino,-3.7703,-70.3831,88.7,49,100,2.71,CO,2021-07-24 17:01:34
546,Nagato,34.3833,131.2,74.19,89,100,8.14,JP,2021-07-24 17:01:35
547,Bage,-31.3314,-54.1069,75.81,53,7,9.08,BR,2021-07-24 17:01:35
548,Galle,6.0367,80.217,78.85,87,73,8.34,LK,2021-07-24 17:01:35
549,Aykhal,66.0,111.5,58.15,56,83,5.84,RU,2021-07-24 17:01:36
550,Svetlogorsk,52.6333,29.7333,70.21,69,84,3.69,BY,2021-07-24 17:01:36
551,Batagay-Alyta,67.8006,130.4114,56.32,86,100,5.14,RU,2021-07-24 17:01:37
552,Broome,42.2506,-75.833,81.46,57,32,1.01,US,2021-07-24 16:55:17
553,Ola,59.5833,151.2833,51.69,95,100,3.94,RU,2021-07-24 17:01:37
554,Caluquembe,-13.7833,14.6833,64.71,15,0,2.66,AO,2021-07-24 17:01:38
555,Ponta Delgada,37.7333,-25.6667,74.12,83,20,17.27,PT,2021-07-24 17:01:38
556,Hokitika,-42.7167,170.9667,46.33,84,87,8.05,NZ,2021-07-24 17:01:39
557,Morgan City,29.6994,-91.2068,93.04,64,67,8.14,US,2021-07-24 17:01:39
558,Port Lincoln,-34.7333,135.8667,53.06,61,82,24.38,AU,2021-07-24 16:55:54
559,Leh,34.1667,77.5833,73.38,33,65,6.35,IN,2021-07-24 17:01:39
560,Pervomayskoye,43.919,46.7102,80.19,48,98,7.14,RU,2021-07-24 17:01:40
561,Havoysund,70.9963,24.6622,45.48,84,100,22.26,NO,2021-07-24 17:01:40
562,Osoyoos,49.0331,-119.4524,81.0,52,0,0.54,CA,2021-07-24 17:00:15
563,Carauari,-4.8828,-66.8958,87.39,60,92,3.4,BR,2021-07-24 17:01:40
564,Malpe,13.35,74.7167,79.9,88,68,11.43,IN,2021-07-24 17:01:41
565,Ambilobe,-13.2,49.05,69.13,72,82,3.56,MG,2021-07-24 16:56:13
566,Alice Springs,-23.7,133.8833,42.35,52,66,5.75,AU,2021-07-24 16:52:31
567,Satkhira,22.7167,89.1,84.2,95,87,6.22,BD,2021-07-24 17:01:42
568,Nedryhayliv,50.834,33.8763,68.43,75,76,2.21,UA,2021-07-24 17:01:42
569,Sao Joao Dos Patos,-6.495,-43.7022,92.46,27,22,9.4,BR,2021-07-24 17:01:42
570,Flinders,-34.5833,150.8552,57.2,61,53,11.99,AU,2021-07-24 16:55:16
571,Kemijarvi,66.7131,27.4306,55.76,70,97,4.45,FI,2021-07-24 17:01:43
572,Kangasala,61.4638,24.076,72.14,41,61,7.96,FI,2021-07-24 17:01:43
